id,title,level
m1,幻想のサテライト,18.1
m2,魔理沙は大変なものを盗んでいきました,18.7
m3,物凄い勢いでけーねが物凄いうた,18.6
m4,Earthquake Super Shock -SDVX Edit.-,18.3
m5,腐れ外道とチョコレゐト,18.0
m6,孤独の番人,18.4
m7,Onigo,18.6
m8,香港功夫大旋風,18.2
m9,Ganymede kamome mix,19.3
m10,V.I.P.,18.7
m11,Absurd Gaff,18.6
m12,大宇宙ステージ,19.2
m13,croiX,18.6
m14,PANIC HOLIC,18.1
m15,Max Burning!!,18.5
m16,金縛りの逢を,18.1
m17,The world of sound,18.7
m18,Evans VolteX Pf arrange,18.3
m19,Broken 8cmix,18.6
m20,Xepher Light and Darkness Dragon REMIX,18.4
m21,冥 Rockin' SWING REMIX,18.2
m22,FLOWER REDALiCE Remix,18.6
m23,neu BSP style,18.5
m24,世界はネコのもの,18.3
m25,魔境堕天録サリエル,18.7
m26,ウサテイ,18.0
m27,最終鬼畜妹フランドール・S,18.1
m28,#Fairy_dancing_in_lake,18.6
m29,おお われら喜び讃うべし、主よ,18.3
m30,上海紅茶館 ～ Chinese Tea Orchid Remix,18.4
m31,U.N.オーエンは彼女なのか？haru_naba Remix,19.3
m32,werewolf howls.,19.2
m33,こちら、幸福安心委員会です。,18.5
m34,ラクガキスト,19.1
m35,バンブーソード・ガール,19.4
m36,有頂天ビバーチェ,18.2
m37,Sakura Reflection (P*Light Slayer Remix),18.1
m38,"She is my wife
すーぱーアイドル☆ミツル子Remixちゃん",18.6
m39,音楽 -resolve-,19.1
m40,Unicorn tail Dustboxxxx RMX,18.1
m41,snow storm -euphoria-,19.1
m42,Foolish Hero,18.4
m43,Qubism,18.4
m44,C18H27NO3,18.1
m45,Lieselotte,18.1
m46,Joyeuse,19.3
m47,Quietus Ray,19.6
m48,Booths of Fighters,19.3
m49,Crack Traxxxx,18.4
m50,XROSS INFECTION,19.2
m51,BUBBLE RAVER,18.4
m52,ムーニャポヨポヨスッポコニャーゴ,18.8
m53,crazy cinema story,18.8
m54,Fiat Lux,19.7
m55,Innocent Tempest,19.2
m56,ボルテ体操第一,18.5
m57,超越してしまった彼女と其を生み落した理由,18.8
m58,Bangin' Burst,19.5
m59,For UltraPlayers,19.7
m60,BLACK or WHITE?,19.1
m61,Hellfire,18.6
m62,Last Concerto,18.8
m63,Verse IV,19.3
m64,Harpuia,18.5
m65,Black Emperor,19.3
m66,VILE CAT,19.2
m67,Wish upon Twin Stars,18.7
m68,Growth Memories,19.0
m69,CODE -CRiMSON-,18.6
m70,VALLIS-NERIA,19.3
m71,I'm so Happy,18.3
m72,恋はどう？モロ◎波動OK☆方程式!!,18.2
m73,HYENA,19.6
m74,デッドボヲルdeホームラン,18.6
m75,轟け！恋のビーンボール！！,18.6
m76,IX,19.1
m77,Idola,18.7
m78,INSECTICIDE,19.2
m79,Opium and Purple haze,18.0
m80,BEAT-NEW-WORLD,19.2
m81,幸せになれる隠しコマンドがあるらしい,19.1
m82,XyHATTE,19.6
m83,初音ミクの消失*4,19.6
m84,The Sampling Paradise (P*Light Remix),18.6
m85,INF-B《L-aste-R》,19.6
m86,False Cross,19.2
m87,Le Fruit Défendu,18.3
m88,veRtrageS,19.6
m89,Invitation from Mr.C,19.3
m90,2 MINUTES FIGHTERS,19.4
m91,LegenD.,19.2
m92,World's end,19.8
m93,Everlasting Message,19.3
m94,混乱少女♥そふらんちゃん!!,19.6
m95,Sayonara Planet Wars,20.3
m96,Chant du Cygne,18.8
m97,到達してしまった僕らと夢と希望の最之果,19.6
m98,KAC 2012 ULTIMATE MEDLEY -HISTORIA SOUND VOLTEX-,18.5
m99,KAC 2013 ULTIMATE MEDLEY -HISTORIA SOUND VOLTEX- Emperor Side,19.5
m100,End to end,19.2
m101,EMPIRE OF FLAME,19.2
m102,Candy Colored Hearts,18.7
m103,雲の彼方,18.5
m104,NEO GRAVITY,18.7
m105,Lachryma《Re:Queen’M》,20.2
m106,The star in eclipse,18.2
m107,Sounds Of Summer,18.3
m108,ΕΛΠΙΣ,19.2
m109,FLOWER,19.1
m110,Angelic Jelly,18.3
m111,Triple Counter,18.2
m112,ちくわパフェだよ☆ＣＫＰ,18.7
m113,ΑΩ,19.4
m114,Blastix Riotz,19.4
m115,Preserved Valkyria,19.2
m116,HAELE III ~Angel Worlds~,18.7
m117,月光乱舞,19.0
m118,XROSS THE XOUL,18.4
m119,Renegade Fruits,18.2
m120,Ok!! Hug Me,18.3
m121,Completeness Under Incompleteness,18.7
m122,Celestial stinger,18.5
m123,DIABLOSIS::Nāga,19.3
m124,NEO TREASON,18.4
m125,Lord=Crossight,19.1
m126,FLügeL《Λrp:ΣggyØ》,19.7
m127,極圏,19.0
m128,Garakuta Doll Play,18.6
m129,きたさいたま2000,19.1
m130,Got more raves？,19.0
m131,conflict,18.5
m132,B.B.K.K.B.K.K.,18.1
m133,Halcyon,19.4
m134,FIRE IN MY HEART,18.2
m135,雷鼓サンダービート,18.2
m136,Sweet Requiem,18.2
m137,SACRIFICE feat.ayame,18.4
m138,のぼれ八坂坂！,18.3
m139,誰が為に兎は舞う＝狂速狂騒曲＝,18.2
m140,KIMIDORI Streak!!,18.0
m141,Victim of Nights,18.1
m142,Black night,18.0
m143,Breakin' Asia,18.0
m144,Lunatic Sprinter,18.3
m145,Venomous Firefly,18.9
m146,Night Rockin' Bird,18.1
m147,Nostalgic Blood of the Strife,18.5
m148,永遠に幸せになる方法、見つけました。,18.5
m149,New Leaf,18.0
m150,ワールズエンド・ダンスホール,18.1
m151,壊Rave*it!! 壊Rave*it!!,18.5
m152,キュリオシティ,18.9
m153,Noisy Minority,18.4
m154,ドリームエンド・サバイバー,18.1
m155,準備運動,18.8
m156,Cepheus,18.5
m157,The Golden Era,18.3
m158,Gorgetech,18.5
m159,Ghost Trigger,18.4
m160,HP:1,18.5
m161,極彩天奏,18.7
m162,Lowermost revolt,18.6
m163,Immortal saga,19.0
m164,Fin.ArcDeaR,19.0
m165,HE4VEN ～天国へようこそ～,20.0
m166,Make Magic,18.5
m167,iLLness LiLin,20.2
m168,ΩVERSOUL,18.8
m169,Gamerz FestivaL,18.5
m170,Sailing Force,19.2
m171,"超☆超☆光☆速☆出☆前☆最☆速!!!
スピード★スター★かなで",18.6
m172,JUNKIE FLAVOR,18.8
m173,Legendary Road,18.8
m174,Grand-Guignol,18.2
m175,Spirit of the Beast,18.4
m176,Khionos TiARA,18.6
m177,Goddess Bless you,18.2
m178,DropZ-Line-,18.4
m179,"KAC 2013 ULTIMATE MEDLEY
-HISTORIA SOUND VOLTEX- Empress Side",19.7
m180,I,20.2
m181,A Lasting Promise,19.4
m182,Cloud 9,18.5
m183,Sacrifice and Faith,18.4
m184,神話に芽吹く,18.9
m185,Last Resort,19.4
m186,Awakening,19.6
m187,Wings of Glory,18.3
m188,crossing blue,18.3
m189,Xéroa,19.6
m190,BlueMoon Princess,18.4
m191,Яe's NoVǢ,18.3
m192,SAtAN,18.6
m193,Divine's:Bugscript,18.8
m194,LastΩmegA,18.4
m195,Gate of Atlantis,18.7
m196,MeteorGlow Aftermath,18.6
m197,BLAZING_LAZER,18.0
m198,ホワイトパレード,18.5
m199,Levier'n NābYss,18.4
m200,Akzeriyyuth,18.0
m201,Beyond the BLUE,18.2
m202,Divine's or Deal,18.2
m203,ファイナルレター,18.3
m204,ULTRAVELOCITY,18.5
m205,ΣmbryØ,20.2
m206,Cross Fire,19.1
m207,GODHEART,19.2
m208,THE HEAVEN,18.5
m209,祝福の色彩は想い結ぶ君たち迄,18.6
m210,Destiny,18.4
m211,*Feels Seasickness...*,20.0
m212,"FLOOR INFECTION Medley
from SOUND VOLTEX×jubeat",18.5
m213,Boss Rush,18.3
m214,恋歌疾風！かるたクイーンいろは,18.1
m215,Rebellio,18.7
m216,"POLICY BREAK Medley
from SOUND VOLTEX×jubeat",18.5
m217,We Go Down,18.7
m218,Theme of Ricerca,18.1
m219,Concertino in Blue,18.8
m220,Glitter Flatter Scatter,18.4
m221,Be a Hero!,18.4
m222,НУМЛ,18.8
m223,びいすと！,18.0
m224,メイビ～初恋！？ビスケット☆大作戦,18.4
m225,MONOLITH,18.1
m226,Sky High,18.5
m227,CHERNOBOG,18.4
m228,Evans,18.3
m229,RHYZING BEAT,18.3
m230,Touch My Body,18.1
m231,Redshift,18.2
m232,ECHIDNA,18.5
m233,Chrono Diver -PENDULUMs-,19.3
m234,SUPER SUMMER SALE,18.1
m235,Puberty Dysthymia,18.5
m236,Prey,18.6
m237,Elemental Creation,19.1
m238,お米の美味しい炊き方、そしてお米を食べることによるその効果。,18.2
m239,GAIA,18.2
m240,STULTI,18.7
m241,Midnight City Warfare,18.4
m242,†渚の小悪魔ラヴリィ～レイディオ†,18.4
m243,Catch Our Fire!,18.3
m244,Yum Yum Sweetie,18.7
m245,MODEL FT4,18.5
m246,V,18.6
m247,ULTiMATE INFLATiON,18.5
m248,神獄烙桜,18.6
m249,Juggler's Maddness,18.5
m250,Staring at star,19.1
m251,セイレーン ～悲壮の竪琴～,19.4
m252,Dyscontrolled Galaxy,19.8
m253,Deadly force,19.4
m254,FIN4LE ～終止線の彼方へ～,20.5
m255,WHITEOUT,20.2
m256,Mirrorwall,18.7
m257,OPEN MY GATE,18.1
m258,#SpeedyCats,18.8
m259,Hug!! Vs. Hug!!,18.7
m260,BEAST BASS BOMB,18.3
m261,BELOBOG,19.4
m262,Absolute Domination,19.5
m263,オニユリ,18.5
m264,Xronièr,20.1
m265,サイコパスラビット,18.7
m266,水簾ノ調,18.0
m267,スラッシュ//シスターズ,18.0
m268,そして黄金郷へ,18.6
m269,光射す澪のユズリハ,18.5
m270,Failnaught,19.4
m271,Fly Like You,19.7
m272,GERBERA,18.8
m273,GERBERA-For Finalists-,19.5
m274,Nexta,18.5
m275,Reb∞t,18.5
m276,まじかる生主＠りすなちゃん,18.3
m277,PROVOES*PROPOSE <<êl fine>>,18.7
m278,逆月,19.0
m279,ALTONA,18.1
m280,真っ白な靴,18.0
m281,業焔繚乱,18.6
m282,TRICKL4SH 220,18.4
m283,Dreadnought,18.6
m284,The Formula,18.1
m285,PUPA,18.6
m286,Scarlet Lance,18.6
m287,セイクリッド ルイン,18.2
m288,FREEDOM DiVE,19.3
m289,Re：End of a Dream,18.7
m290,ouroboros -twin stroke of the end-,18.6
m291,Taiko Drum Monster,18.3
m292,ARROW RAIN,18.6
m293,諏訪大信仰,18.1
m294,怪盗Ｆの台本～消えたダイヤの謎～,18.3
m295,GALAXY BURST,18.5
m296,初音ミクの消失(Hommarju Remix)*3,18.4
m297,ANGER of the GOD,19.0
m298,Xroniàl Xéro,19.8
m299,び,18.8
m300,無魎大数,18.4
m301,アオアラシ,18.1
m302,Enchanté,18.1
m303,ツマミ戦隊 タテレンジャー,18.8
m304,To:BrandNewDeadline,18.5
m305,V Sen5eS,18.1
m306,eighth-slave,18.3
m307,Cynical Joker,18.2
m308,PARTY TIME!,18.3
m309,Vividly Impromptu,18.5
m310,Aurolla,18.4
m311,Glorious Journey,18.4
m312,翠雨の祷,18.1
m313,SociuS,18.5
m314,Atropa bella-donna,18.3
m315,Xicholauncher,18.1
m316,THE凸GENERATOR,19.8
m317,Barbatos,18.5
m318,JǛPITΨR ♃ GЯÃVITÝ,18.3
m319,FIRST：DREAMS,18.4
m320,Call of the World,18.6
m321,Turn the story,18.7
m322,Jacob’s Elevator,18.4
m323,Valanga(polysha Remix),18.6
m324,Elemental Creation (kamome sano Remix),18.7
m325,Mynarco(Nagomu 2Step Remix),18.2
m326,Re：Elemental Creation,18.6
m327,Innocent,18.4
m328,Ethereal Lotus,18.1
m329,Lazurite,18.2
m330,Valkyrja ~Aldrlag~,18.2
m331,Φnd:you,18.3
m332,Blessing Bouquet,18.2
m333,eternite,18.3
m334,Thank you for your playing music,18.2
m335,Defining Future,18.2
m336,Over The Top,18.6
m337,トマヨイ,18.4
m338,World of Iris,18.2
m339,Ichi-Go! DX Pancake!,18.4
m340,おはようからおやすみまでかまってポメポメ,18.2
m341,Electric Injury,18.4
m342,月々紅花,18.3
m343,SLEEPWALKER,18.2
m344,Ring!Run!Nyan!!,18.4
m345,色を喪った街,19.7
m346,Katharsis,18.6
m347,SAMURAI TIGER,18.7
m348,666,20.6
m349,ZEИITH,18.8
m350,9TH5IN,19.2
m351,ЯeviveR,19.6
m352,VVelcome!!,20.5
m353,†:OLPHEUX:†,19.4
m354,GEMINI LA2ER,18.5
m355,春告胡蝶,18.3
m356,ミュージックプレイヤー,18.1
m357,LubedeR,19.1
m358,Яe:son D'être,18.8
m359,Redshift 2nd Ignition,19.6
m360,最小三倍完全数,18.1
m361,Trill auf G,19.1
m362,voltississimo,19.3
m363,ミッドナイト☆WAR,18.2
m364,蛇神,18.4
m365,Übertreffen,18.7
m366,ランカーキラーガール,18.2
m367,ENDYMION,19.6
m368,Bolérrot,18.1
m369,MeteorA,18.6
m370,Our Love,18.1
m371,Nebulas,18.6
m372,αρχη,18.5
m373,卑弥呼,19.7
m374,memento mori -intro-,18.5
m375,Leviathan,18.4
m376,Lisa-RICCIA,19.0
m377,New Decade,18.2
m378,m1dy Deluxe,18.4
m379,狂水一華,18.2
m380,世界の果てに約束の凱歌を -VOLTEX Mix-,18.7
m381,On take SUN,18.2
m382,GaLaXyEggPlanT,18.3
m383,lEyl,18.3
m384,TENKAICHI ULTIMATE BOSSRUSH MEDLEY,19.5
m385,Barbless Ego,18.0
m386,Cloud Crasher,18.4
m387,Liar rain,18.4
m388,rE:Voltagers,18.1
m389,ΣgØ,20.0
m390,ΩVERFLOW,18.5
m391,Ghost Family Living In Graveyard,19.5
m392,Sudden Visitor,18.2
m393,petits fours,18.2
m394,星の透る夏空に願う,18.6
m395,mqlo,18.2
m396,Lancelot ～Flame of the Rebellion～,19.6
m397,LECTORIA,18.6
m398,Dogeza Stairs,18.5
m399,Aerial Fortress,18.9
m400,Typhoon Craaash!!,18.3
m401,ねこみみ(=ФωФ=)ぱんでみみっく,18.3
m402,タイムトラベル,18.5
m403,Believe In Yourself,18.1
m404,OZONE,18.1
m405,OUTERHEΛVEN,19.5
m406,θコトノハθカプセルθ,19.4
m407,Teufel,18.3
m408,Butterfly Twist,18.3
m409,Pulsar,18.6
m410,pique,18.7
m411,apo:llioth,18.2
m412,With It This Heaven?,18.5
m413,Calamity Tempest,19.4
m414,Daisycutter,19.5
m415,飄える翼追い掛けて,19.5
m416,MAYHEM,20.0
m417,ΛΛemoria,19.3
m418,Jack-the-Ripper◆,18.4
m419,Black Lotus,18.2
m420,Nhelv,18.4
m421,L9,18.4
m422,METATRON,18.1
m423,プログレなぞなぞクイズのテーマ,18.6
m424,Symphonic Tear,18.1
m425,緋色月下、狂咲ノ絶 (nayuta 2017 ver),18.6
m426,WARNING×WARNING×WARNING,18.2
m427,ホイホイ☆幻想ホロイズム,18.1
m428,スカーレット警察のゲットーパトロール24時,18.4
m429,天弓天華オトハナビ,18.1
m430,マツヨイナイトバグ,18.1
m431,無意識レクイエム (cosmobsp rmx),19.1
m432,限界突破リザレクション,18.1
m433,弾幕信仰,18.3
m434,閉塞的フレーション,18.1
m435,Lost Gear Syndrome,18.1
m436,幻想プロミネンス,18.2
m437,Misfortune Crawler,18.4
m438,東風に鳴き翠嵐を想う,18.5
m439,FLOOD_FLOOR,18.3
m440,R.I.P.ゴシップの海,18.2
m441,メズマライザー,18.2
m442,テレパシ,18.2
m443,What's up? Pop!,19.4
m444,覚悟せよ！エンタンメ～ン ～より身の切り売り自暴自棄版～,18.0
m445,悲報！ワイ！ニート！,18.2
m446,エクスプロウル,18.5
m447,EMERALDAS (Yuta Imai Remix),18.0
m448,#EmoCloche,18.1
m449,onslaught -Retaliation of Bahamūt-,19.5
m450,Scars of FAUNA(ろひ Remix),18.0
m451,POSSESSION (Aoi Q.E.D. RMX),18.6
m452,Elemental Creation -xiRemix-,18.5
m453,nostos -ark remix-,18.0
m454,Macuilxochitl (Latin Jazz Mix),18.7
m455,EGOISM 440 (Ange;art remix),18.4
m456,ばらんが!!!!,18.6
m457,Innocent Azure,18.0
m458,Souhait bleu,18.4
m459,ラヴ♡チャンス!!,18.3
m460,Vanishing Eidos,18.5
m461,SuperMiracleEnsemble,18.7
m462,Metagame Matador,18.1
m463,りむむむむむむ,18.2
m464,恋愛♡悪戯！？まじかる☆ぱふゅ～む！！,18.0
m465,#Namescapes,18.4
m466,FEEL THE FORCE,18.2
m467,Cappuccino Hearts,18.2
m468,Vallasotiena,18.1
m469,G4ME ØVEЯ,18.2
m470,Restless Waitress,18.1
m471,End of Guilty,18.6
m472,The King Of Red,18.6
m473,The Clown of 24stairs,19.7
m474,まみむめ🍄まるっと🍄まっしゅるーむ🍄🍄,18.1
m475,XXanadu#climaXX,18.4
m476,Bigbang Faker,18.0
m477,Archangelio,18.6
m478,Going My Future!,18.3
m479,Unleashed Redness,18.6
m480,party:stage,18.3
m481,Rapsodia d'amore,19.4
m482,紫焔双穿,19.4
m483,Decadence Mission,18.0
m484,爆烈歓迎♪エクストリーム飲茶旋風脚ッ!!,18.4
m485,FAR GONE,18.6
m486,Holy Trail,19.3
m487,Memory Flow,18.2
m488,€omet popcorn,18.0
m489,PSYCHO+HEROES,18.3
m490,Hurt me plenty,18.2
m491,Your SOUL Is Mine,18.3
m492,Corrupting Wonderland,18.0
m493,二分間の世界,18.4
m494,ROZELCIA,18.4
m495,Across the Starlight,18.5
m496,Twinkle Rookie,18.2
m497,NOT YOUR IDOL,18.5
m498,PHOTON BLAXT,18.4
m499,涙の女神と無形のエトワル,18.7
m500,夢幻泡影,18.7
m501,Imperator,18.5
m502,ØƵ,18.6
m503,SHARK ATTACK,18.4
m504,神罰,18.8
m505,Never Ending Future,18.4
m506,Hydroblast,18.5
m507,CadenzaMaiden,18.6
m508,天穹のアルカナビット,18.4
m509,Juωpscare!!,18.1
m510,D.I.X.,18.7
m511,ハッピーエンド,18.5
m512,Zero-Day Exploit(One-Day Fusion Mix),18.5
m513,Distorted Floor -Boosted-,18.0
m514,劇場版ムーニャポヨポヨスッポコニャーゴ~侵略だいず帝国！ドラマティック宇宙大戦争~,18.5
m515,The EXworld of sound,18.2
m516,Absurd Gaff (Metallize Remix),19.4
m517,うぇるかむ -||祭みっくす||-,18.6
m518,Voice 7 Voice!!!!!!!,18.7
m519,ませまてぃっく♡ま＋ま＝まじっく！ ～徹夜の追込みエナジーまっくす！～,18.0
m520,Sayonara Planet Wars (Sot-C Remix),18.6
m521,ドリームエンド・サバイバー(Hidra-Xjeil Remix),18.2
m522,Appliqué(Vocal Remix),18.3
m523,Max Burning!!(GαineN Beyond yΩu Remix),18.5
m524,Scarlet Pinheel -appassionato-,18.4
m525,ミュージックプレイヤー （J-pop Remix）,18.4
m526,GIGI BABA(brz_style),18.1
m527,"PANIC HOLIC (かめりあ's ""24600 POWER"" Remix)",18.4
m528,C18H27NO3(ryhki remix),18.2
m529,Crack Traxxxx (108x3 BPM Remix),18.6
m530,大宇宙ステージ奈落変,18.6
m531,caramel ribbon (Tatsunoshin Remix),18.3
m532,XROSS INFECTION -xiRemix-,19.4
m533,The world of sound -celestial mix-,18.7
m534,Dynasty -dal segno-,18.2
m535,King's Gambit,18.2
m536,七七七夕,18.3
m537,HEAVEN KNOWS,18.6
m538,アイの雫,18.5
m539,Almandite,18.6
m540,We Are GamerZ!,18.3
m541,∞vitUniverse,18.3
m542,ハートビート×スラッガー,18.1
m543,FLAVOR-G,18.3
m544,Sunlit toybox,18.3
m545,マジかる☆doll ユタニケちゃん,18.2
m546,BEMANI PRO LEAGUE -SEASON 2- SOUND VOLTEX ULTIMATE MEDLEY,19.0
m547,WINNING ROAD,18.8
m548,Chat perché,18.4
m549,ENDGAME,18.7
m550,ИADIR,18.4
m551,Ice Fortress,18.7
m552,MURASAME,18.8
m553,Initiating League,18.6
m554,Scat Jazz Dance,18.8
m555,最果ての勇者にラブソングを,18.6
m556,灼ナル刃、破カヰ譜,18.4
m557,Petit espoir,18.4
m558,Fl0ating:,18.6
m559,イグノアザーズ,18.6
m560,Paradigm Shift,18.6
m561,Thousand Triggers,18.7
m562,trea→journey,18.9
m563,MILITARY R04D,19.5
m564,DEUX EX MĀXHINĀ,19.6
m565,All We Need is HAPPY END!!!,19.4
m566,Glory of Fighters,19.7
m567,We Are All The Dreamer,18.2
m568,Double or Nothing,18.5
m569,群青纏う朱の槍,18.5
m570,CHOVERY GOOSE!!!,18.5
m571,トリコエリヌム▽コンチェルト,18.7
m572,V!LLA!N,18.3
m573,ON THE WORLD,18.7
m574,TOYBOX CANNØN=͟͟͞ Σ≡=｡ﾟ:*.:+｡.☆,18.4
m575,イグジスター,18.6
m576,花火のおもちゃ箱,18.8
m577,La Nostra Storia!,18.5
m578,グリーディ・スターズ！,18.4
m579,Di-Da-De-Doo,18.4
m580,Break Through Δpex,18.6
m581,Ars Magna,18.5
m582,Inevitable Magic,18.1
m583,LOVE TONIC,18.5
m584,異次元の孤独～カナタノキミヘ～,18.6
m585,Crawl Out Immortal,18.3
m586,SΛMVICΛ,18.6
m587,MΔX FLAVØR,18.7
m588,Divine Ether,18.5
m589,#Evil_Signs_of_Bloodlines,18.5
m590,Blessed Horizon,18.6
m591,双星の冒険録,18.6
m592,赫焉のヴァルキュリア -Ragnarøk-,19.3
m593,Garland,18.4
m594,SuddeИDeath,20.9
m595,S(TAR)²☆pistol,18.2
m596,Brave Power Leader 《 = Voltage = 》,18.2
m597,HALO,19.2
m598,零天視,18.5
m599,Cuz we <3 this Game,19.7
m600,Xeno Gravity,19.9
m601,NEMSYS ARENA World Hexathlon,20.7
m602,ARISE,19.2
m603,Allegro Saetta,19.2
m604,{ eXLIPXe },20.8
m605,ウイジン,18.4
m606,Ex concordia felicitas,18.3
m607,StellarflightS,18.2
m608,Knew Order,18.3
m609,NO SURRENDER,18.4
m610,EncorE & cALL,19.4
m611,Wings to fly high,18.5
m612,AIM HIGHER,18.4
m613,All for One,18.8
m614,AμreoLe ~for Triumph~,19.5
m615,XHRONOXAPSULΞ,20.6
m616,ZEUS,19.5
m617,蝕,18.7
m618,十の試煉,19.4
m619,Xb10r,19.7
m620,火狐之舞,18.5
m621,MixxioN,20.6
m622,Rhapsody ⚙︎f Triumph,19.4
m623,refluxio,18.8
m624,Λkasha,20.4
m625,#ERROR!,18.8
m626,OVEЯ+TUЯE,19.4
m627,随神,18.5
m628,TOKAKU=ALMiRAJ,18.6
m629,Burst Λnd reBoost,19.4
m630,レインボウ・フレーバー,18.3
m631,Imitated Visions,18.7
m632,こどもかくしのアンダーランド,18.5
m633,憧憬のファンファーレ,18.5
m634,Xinca,19.2
m635,JACK -the KING Ki11ing-,19.3
m636,すべてを賭して,18.9
m637,Don't you dare play GOD,20.3
m638,XΛLT=ØVER,19.4
m639,Entropic EnĤαncemEnt,19.5
m640,SAD1STIC Я04D,19.3
m641,Sweetie Beauti Magic,18.6
m642,Two of Wonder Lights,18.4
m643,トキノコエト,18.2
m644,ΛNXIENT:LEGΛXIEZ,18.7
m645,ØverwriteTheCatastrophe,18.5
m646,Cumulonimbus,18.5
m647,Kool Awesome Croon,18.3
m648,一水山風,18.3
m649,Superstar!,19.5
m650,永久の粒虹,18.8
m651,Lunatic Mare,18.2
m652,ぼくらのはじまりのおと,18.7
m653,MiRÀi,18.4
m654,Line markeR,18.6
m655,reSTART yOUR STORIES,18.3
m656,Star☆Beat,18.1
m657,Red＋White＝Kawaii,18.3
m658,～仔羊のナヴァラン・クリシェを添えて～,18.5
m659,Refrain,18.6
m660,c2Theater,18.3
m661,SHOCKER BREAKER,18.4
m662,"ピアノ独奏無言歌 ""灰燼""",19.9
m663,アガット,18.5
m664,Welcome to the Mosh Pit,18.2
m665,少年リップルズ,18.5
m666,quaver♪,18.2
m667,リリーゼと炎龍レーヴァテイン,18.3
m668,Shera,18.0
m669,birth,18.4
m670,Prayer,18.2
m671,Amazing Mirage,18.3
m672,KAMAITACHI,18.4
m673,Please Welcome Mr.C,18.5
m674,One More Lovely,19.3
m675,waxing and wanding,18.1
m676,Caldwell 99,18.3
m677,シュレーディンガーの猫,19.5
m678,Timepiece phase Ⅱ,19.4
m679,カジノファイヤーことみちゃん,18.0
m680,カジノファイヤーことみちゃん,18.4
m681,ユメブキ,18.0
m682,STEEL NEEDLE,18.2
m683,Triple Cross,18.1
m684,CLAMARE,19.1
m685,Crystalia,18.2
m686,SPECIAL SUMMER CAMPAIGN!,18.1
m687,[ ]DENTITY,19.7
m688,VOLAQUAS,19.3
m689,Snowmelt,18.5
m690,perditus†paradisus,19.6
m691,White Stream,18.5
m692,パーフェクトイーター,18.5
m693,累乗のカルマ,18.3
m694,QQ,19.2
m695,Stylus,18.4
m696,ARACHNE,18.5
m697,Crazy Jackpot,18.1
m698,Poochie,18.4
m699,SCHWARZSCHILD FIELD,18.5
m700,Towards The Horizon,18.3
m701,ビューティフル レシート,18.3
m702,天泣,19.3
m703,OROCHI STRIKE,18.5
m704,Blφφdy Cφncertφ,18.5
m705,REINCARNATION,19.3
m706,Lichtsäule,19.5
m707,Re:RHYZE,18.3
m708,EYE OF THE HEAVEN,19.3
m709,Electronic Sports Complex,19.0
m710,EROICA,19.7
m711,Snow Garland Fairy,18.3
m712,ディスコルディア,19.7
m713,Verflucht,18.9
m714,2 Beasts Unchained,19.4
m715,"ピアノ協奏曲第１番""蠍火""",19.8
m716,Fegrix,18.5
m717,儚キ戀ノ幻想譚,18.3
m718,禊,18.6
m719,恋愛=精度×認識力,19.6
m720,suspicions,18.8
m721,THE PEERLESS UNDER HEAVEN,18.4
m722,stellar rain,18.4
m723,Ambivalent Vermilia,19.2
m724,Deep tenDon Reflex,18.3
m725,Come to Life,18.0
m726,COSMIC V3LOCITY,19.4
m727,SOLAR ECLIPSE,19.1
m728,ちくわパフェだよ☆ＣＫＰ (Yvya Remix),18.5
m729,めうめうぺったんたん！！ (ZAQUVA Remix),18.5
m730,VALKYRIE ASSAULT,19.2
m731,ドゥサンコオデッセイ!!,19.5
m732,αzalea,19.2
m733,BAYONEX,19.6
m734,Puni Puni Parade,18.1
m735,Reverenced Flower,19.6
m736,《Re:miniscence》,20.6
m737,ゔぉるみっくす!!!!,18.7
m738,Test Flight,18.5
m739,Perfect Ultimate Celebration!!,18.3
m740,Kontrol Line,18.5
m741,Avalanx,19.2
m742,極夜、暁を望んで,18.4
m743,Grandeur,18.4
m744,Stairway to the sun,18.3
m745,すべてが幻になった後で,19.8
m746,LaμreLs ~the Angelus~,19.4
m747,いまきみに,20.3
m748,赫焉,19.7
m749,光風霽月,18.8
m750,STIGMA,18.3
m751,VΛZiLiSQ,19.1
m752,Fαtα∠ Ent∠mEnt,19.4
m753,Lost Parliament,18.3
m754,Revvable Engine,18.3
m755,You Are My Best RivaL!!,20.5
m756,graduation,18.6
m757,Tickled Pink,18.3
m758,APØCALYPSE RAY,20.3
m759,ΣMERGENCY CODΣ,18.3
m760,Spectacular“V”Adventure!,19.6
m761,BLISS,18.6
m762,Breakneck Pursuit,19.2
m763,Marielle,18.3
m764,忘れないように、失くさないように,18.8
m765,Undead Raving Scare,19.7
m766,and After the Merry BADEND,19.5
m767,Enter The Rave,18.5
m768,SHARK IMPACT,18.3
m769,十三不塔,18.4
m770,HeaveИ's Rain,20.6
m771,リュミレイラ,18.4
m772,ヴァルプルギスの夜,18.5
m773,Guinevere～白き妖精～,19.7
m774,細氷,19.3
m775,X1GNUS,18.6
m776,Never Forget Evergreen,18.2
m777,Nebula Dysorder,19.9
m778,For All The Challengers,18.3
m779,Little Red Riding Hood,18.6
m780,while (screen is blue),19.7
m781,Ardenok,19.4
m782,Our garden is blue.,20.6
m783,Golden Rotation,18.5
m784,Jupiter,18.4
m785,Titanomachia,19.3
m786,流転に咲く魂の花,18.7
m787,// If Summer Ever Comes_,19.8
m788,ØVER《Δ》,19.8
m789,オムニシエント・ゼロ,19.4
m790,カミツレの成り方,18.3
m791,KINGDOM COME,20.6
m792,Grαnd Arχitect,18.8
m793,Lollipop Error 404,18.3
m794,Gryphone,19.5
m795,黒蝶のワルツ,19.7
m796,Who then no 灯,19.7
m797,神凪,20.7
m798,Air,18.2
m799,Chronomia,19.2
m800,777,19.3
m801,Destr0yer,18.5
m802,Bad Elixir,19.5
m803,プナイプナイたいそう,18.3
m804,Pure Ruby,18.3
m805,Destined Marionette,18.4
m806,竹,19.5
m807,藍の華,18.2
m808,Halloween Is Chaos,18.2
m809,GOODTEK,18.3
m810,THE WORLD REVOLVING,18.5
m811,DATAERR0R,18.0
m812,フリコドウル,18.3
m813,Finale / フィナーレ,18.4
m814,あいあむなんばーわんパトラちゃん様,18.6
m815,SAVE the World,18.0
m816,Battle Against a True Hero / 本物のヒーローとの戦い,18.3
m817,MEGALOVANIA,18.5
m818,過去を喰らう,18.1
m819,ENERGY SYNERGY MATRIX,18.5
m820,"Hello, Hologram",18.3
m821,Blossom,18.0
m822,KINGWORLD,18.1
m823,Circuit Surfer,19.2
m824,アンチグラビティ・ガール,18.7
m825,毒杯スワロウ,18.1
m826,My song,18.1
m827,Ahoy!! 我ら宝鐘海賊団☆,18.2
m828,幽霊船戦,18.4
m829,Everything B.K.,18.6
m830,B.B.K.K.B.K.K. (USAO Remix),18.4
m831,テトリス,18.2
m832,最強女神†ウーサペコラ,18.0
m833,全人類 兎化計画！,18.1
m834,神威,19.6
m835,CO5M1C R4ILR0AD,18.3
m836,ヒュブリスの頂に聳えるのは,18.3
m837,オーバーライド,18.1
m838,Ö<3rf10₩,19.3
m839,星界のアルペジオ,18.0
m840,Dear Deer,18.3
m841,DISTORDER,19.1
m842,FRENZY HEART,19.0
m843,HOLOGRAPHY,18.3
m844,Like the Starlight,18.2
m845,555 (Please call me “Go! Go! Go!”),19.1
m846,Temporal Veil,18.4
m847,"Help me, ERINNNNNN!!",18.4
m848,稲田姫様に叱られちゃいました＃ ～ Romantic Shortfall,18.5
m849,Celestial Conquest,19.5
m850,イガク,18.3
m851,お返事まだカナ？おじさん構文！,18.7
m852,えんじぇる☆てすと！,18.4
m853,"Pick up, Me!",19.4
m854,ミスクレイジースピード,18.7
m855,"Zany Arcadia ""E""",19.1
m856,Black Out,18.6
m857,Massive Strength,18.2
m858,あすはまたたくほしのように,18.2
m859,Vanishment for reconstruction,18.5
m860,Leflector,18.5
m861,ИEXTAGE,18.8
m862,"CAKE,Cake'n Cake!",18.2
m863,天鯨譚,18.8
m864,華麗なる一撃,19.2
m865,Veins Resonance,19.4
m866,ShowDawn,19.4
m867,DANGER XLOZE,19.4
m868,XELENOPHOEBEA,19.5
m869,Down with your Love,19.3
m870,Circumzenith Arc,19.7
m871,ASTRL GG,19.7
m872,KISKIL-LILLA,20.5
m873,No→to,19.5
m874,Masterstroke,19.8
m875,chaplet,18.2
m876,Plan 8,19.3
m877,Votum stellarum -forest #25 RMX-,18.1
m878,Zt!ri△,19.5
m879,Anti-Matter,18.6
m880,Glitch N Ride,19.2
m881,9th Outburst,18.1
m882,fixer,19.7
m883,Thunderstorm,18.1
m884,RUINA,19.8
m885,Roar of Chronos,18.7
m886,Astra Blaze,18.5
m887,King of Tribe,18.4
m888,GO!,18.6
m889,Meteor☆Shower,18.4
m890,RIZING-GAMERS.,18.3
m891,華麗なる！音戯探偵ひなビタ♫,18.5
m892,ちくたく2ちく2ぱ,18.6
m893,レシピのリドル,18.3
m894,Blue Diamond,19.8
m895,L (SDVX ver.),18.6
m896,L2 -Reminiscence- (SDVX ver.),19.3
m897,Synthesis.,19.2
m898,777 (Vocal ver.),19.7
m899,シュガーリィ♡メルトダウン,18.4
m900,Dot to Dot,18.0
m901,G.L.I.T.C.H.,18.4
m902,Excelsia,18.4
m903,cyanotype,18.0
m904,Smile & Go!!,18.2
m905,Dement ～After Legend～,18.5
m906,シグナライズ,18.4
m907,Baphomet,19.7
m908,Moonlit Blue,18.1
m909,Ganymede kamome mix[EXH],18.3
m910,werewolf howls.[EXH],18.5
m911,Bangin' Burst[EXH],18.5
m912,For UltraPlayers[EXH],18.6
m913,BLACK or WHITE?[EXH],18.4
m914,Black Emperor[EXH],18.8
m915,VILE CAT[EXH],18.3
m916,Growth Memories[EXH],18.2
m917,VALLIS-NERIA[EXH],18.4
m918,BabeL ～Next Story～[EXH],18.2
m919,INSECTICIDE[EXH],18.4
m920,Angels And Demons[EXH],18.4
m921,JEHANNEDARC[EXH],18.1
m922,Ultimate Ascension[EXH],18.3
m923,アルティメットトゥルース -Phantasm-[EXH],18.5
m924,東方妖々夢 ULTIMATE MEDLEY[EXH],18.2
m925,XyHATTE[EXH],18.4
m926,初音ミクの消失*4[EXH],18.6
m927,Pure Evil (Kobaryo FTN-Remix)[EXH],18.2
m928,"gigadelic (かめりあ's ""The TERA"" RMX)[EXH]",18.6
m929,INF-B《L-aste-R》[EXH],18.7
m930,Warriors Aboot[EXH],18.4
m931,Firestorm[EXH],18.5
m932,Seraphim[EXH],18.3
m933,tricky trick[EXH],18.2
m934,Pon-Pon-Pompoko Dai-Sen-Saw![EXH],18.4
m935,UnivEarth[EXH],18.6
m936,veRtrageS[EXH],18.5
m937,Shanghai Wu Long ～上海舞龍～[EXH],18.3
m938,Invitation from Mr.C[EXH],18.2
m939,LegenD.[EXH],18.6
m940,World's end[EXH],18.9
m941,混乱少女♥そふらんちゃん!![EXH],18.6
m942,Sayonara Planet Wars[EXH],18.6
m943,到達してしまった僕らと夢と希望の最之果[EXH],18.3
m944,Ops:Code-Rapture-[EXH],18.4
m945,XHAOS JUDGE[EXH],18.8
m946,冥天・ヘメロカリス[EXH],18.4
m947,KAC 2013 ULTIMATE MEDLEY -HISTORIA SOUND VOLTEX- Emperor Side[EXH],18.5
m948,ムラサキグルマ[EXH],18.4
m949,End to end[EXH],18.6
m950,EMPIRE OF FLAME[EXH],18.7
m951,NEO GRAVITY[EXH],18.3
m952,Lachryma《Re:Queen’M》[EXH],18.5
m953,Demise Quartet[EXH],18.5
m954,MG277[EXH],18.8
m955,Fox4-Raize-[EXH],18.5
m956,REVOLVER[EXH],18.5
m957,Endless GRAVITY[EXH],18.6
m958,侍Annihilate!![EXH],18.3
m959,IKAROS DYNAMITE!!!![EXH],18.3
m960,GEOMETRIA[EXH],18.6
m961,↓↓↓[EXH],18.2
m962,Prayer[EXH],18.3
m963,#Endroll[EXH],18.4
m964,Quaint Echo[EXH],18.8
m965,灼熱Beach Side Bunny[EXH],18.6
m966,FLOWER[EXH],18.2
m967,ドーパミン[EXH],18.6
m968,伐折羅-vajra-[EXH],18.6
m969,絶対零度[EXH],18.2
m970,HAVOX[EXH],18.7
m971,ΑΩ[EXH],18.3
m972,Blastix Riotz[EXH],18.7
m973,Preserved Valkyria[EXH],18.4
m974,マサカリブレイド[EXH],18.3
m975,月光乱舞[EXH],18.2
m976,FLügeL《Λrp:ΣggyØ》[EXH],18.6
m977,極圏[EXH],18.5
m978,きたさいたま2000[EXH],18.7
m979,Solar Storm[EXH],18.5
m980,Fin.ArcDeaR[EXH],18.0
m981,"KAC 2013 ULTIMATE MEDLEY
-HISTORIA SOUND VOLTEX- Empress Side[EXH]",18.8
m982,I[EXH],18.4
m983,ΣmbryØ[EXH],18.4
m984,*Feels Seasickness...*[EXH],18.7
m985,FIN4LE ～終止線の彼方へ～[EXH],18.7
m986,WHITEOUT[EXH],18.3
m987,Xronièr[EXH],18.8
m988,666[EXH],18.5
m989,VVelcome!![EXH],18.4
m990,ΣgØ[EXH],18.3
m991,"* Erm, could it be a Spatiotemporal ShockWAVE Syndrome...?[EXH]",18.9
m992,MAYHEM[EXH],18.3
m993,SuddeИDeath[EXH],19.1
m994,NEMSYS ARENA World Hexathlon[EXH],18.7
m995,{ eXLIPXe }[EXH],18.8
m996,XHRONOXAPSULΞ[EXH],18.7
m997,MixxioN[EXH],18.7
m998,Λkasha[EXH],18.7
m999,Don't you dare play GOD[EXH],18.7
m1000,《Re:miniscence》[EXH],18.7
m1001,Bl∞min'[EXH],18.5
m1002,いまきみに[EXH],18.5
m1003,You Are My Best RivaL!![EXH],18.7
m1004,APØCALYPSE RAY[EXH],18.5
m1005,HeaveИ's Rain[EXH],18.3
m1006,Our garden is blue.[EXH],18.6
m1007,KINGDOM COME[EXH],18.6
m1008,神凪[EXH],18.8
m1009,KISKIL-LILLA[EXH],18.6
m1010,"* Erm, could it be a Spatiotemporal ShockWAVE Syndrome...?",20.2
m1011,Bl∞min',20.6